,user
0,"{'login': 'jbrockmendel', 'id': 8078968, 'node_id': 'MDQ6VXNlcjgwNzg5Njg=', 'avatar_url': 'https://avatars.githubusercontent.com/u/8078968?v=4', 'gravatar_id': '', 'url': 'https://api.github.com/users/jbrockmendel', 'html_url': 'https://github.com/jbrockmendel', 'followers_url': 'https://api.github.com/users/jbrockmendel/followers', 'following_url': 'https://api.github.com/users/jbrockmendel/following{/other_user}', 'gists_url': 'https://api.github.com/users/jbrockmendel/gists{/gist_id}', 'starred_url': 'https://api.github.com/users/jbrockmendel/starred{/owner}{/repo}', 'subscriptions_url': 'https://api.github.com/users/jbrockmendel/subscriptions', 'organizations_url': 'https://api.github.com/users/jbrockmendel/orgs', 'repos_url': 'https://api.github.com/users/jbrockmendel/repos', 'events_url': 'https://api.github.com/users/jbrockmendel/events{/privacy}', 'received_events_url': 'https://api.github.com/users/jbrockmendel/received_events', 'type': 'User', 'site_admin': False}"
1,"{'login': 'marius-mather', 'id': 61438033, 'node_id': 'MDQ6VXNlcjYxNDM4MDMz', 'avatar_url': 'https://avatars.githubusercontent.com/u/61438033?v=4', 'gravatar_id': '', 'url': 'https://api.github.com/users/marius-mather', 'html_url': 'https://github.com/marius-mather', 'followers_url': 'https://api.github.com/users/marius-mather/followers', 'following_url': 'https://api.github.com/users/marius-mather/following{/other_user}', 'gists_url': 'https://api.github.com/users/marius-mather/gists{/gist_id}', 'starred_url': 'https://api.github.com/users/marius-mather/starred{/owner}{/repo}', 'subscriptions_url': 'https://api.github.com/users/marius-mather/subscriptions', 'organizations_url': 'https://api.github.com/users/marius-mather/orgs', 'repos_url': 'https://api.github.com/users/marius-mather/repos', 'events_url': 'https://api.github.com/users/marius-mather/events{/privacy}', 'received_events_url': 'https://api.github.com/users/marius-mather/received_events', 'type': 'User', 'site_admin': False}"
2,"{'login': 'twoertwein', 'id': 6618166, 'node_id': 'MDQ6VXNlcjY2MTgxNjY=', 'avatar_url': 'https://avatars.githubusercontent.com/u/6618166?v=4', 'gravatar_id': '', 'url': 'https://api.github.com/users/twoertwein', 'html_url': 'https://github.com/twoertwein', 'followers_url': 'https://api.github.com/users/twoertwein/followers', 'following_url': 'https://api.github.com/users/twoertwein/following{/other_user}', 'gists_url': 'https://api.github.com/users/twoertwein/gists{/gist_id}', 'starred_url': 'https://api.github.com/users/twoertwein/starred{/owner}{/repo}', 'subscriptions_url': 'https://api.github.com/users/twoertwein/subscriptions', 'organizations_url': 'https://api.github.com/users/twoertwein/orgs', 'repos_url': 'https://api.github.com/users/twoertwein/repos', 'events_url': 'https://api.github.com/users/twoertwein/events{/privacy}', 'received_events_url': 'https://api.github.com/users/twoertwein/received_events', 'type': 'User', 'site_admin': False}"
3,"{'login': 'eshirvana', 'id': 72626662, 'node_id': 'MDQ6VXNlcjcyNjI2NjYy', 'avatar_url': 'https://avatars.githubusercontent.com/u/72626662?v=4', 'gravatar_id': '', 'url': 'https://api.github.com/users/eshirvana', 'html_url': 'https://github.com/eshirvana', 'followers_url': 'https://api.github.com/users/eshirvana/followers', 'following_url': 'https://api.github.com/users/eshirvana/following{/other_user}', 'gists_url': 'https://api.github.com/users/eshirvana/gists{/gist_id}', 'starred_url': 'https://api.github.com/users/eshirvana/starred{/owner}{/repo}', 'subscriptions_url': 'https://api.github.com/users/eshirvana/subscriptions', 'organizations_url': 'https://api.github.com/users/eshirvana/orgs', 'repos_url': 'https://api.github.com/users/eshirvana/repos', 'events_url': 'https://api.github.com/users/eshirvana/events{/privacy}', 'received_events_url': 'https://api.github.com/users/eshirvana/received_events', 'type': 'User', 'site_admin': False}"
4,"{'login': 'ahawryluk', 'id': 50434302, 'node_id': 'MDQ6VXNlcjUwNDM0MzAy', 'avatar_url': 'https://avatars.githubusercontent.com/u/50434302?v=4', 'gravatar_id': '', 'url': 'https://api.github.com/users/ahawryluk', 'html_url': 'https://github.com/ahawryluk', 'followers_url': 'https://api.github.com/users/ahawryluk/followers', 'following_url': 'https://api.github.com/users/ahawryluk/following{/other_user}', 'gists_url': 'https://api.github.com/users/ahawryluk/gists{/gist_id}', 'starred_url': 'https://api.github.com/users/ahawryluk/starred{/owner}{/repo}', 'subscriptions_url': 'https://api.github.com/users/ahawryluk/subscriptions', 'organizations_url': 'https://api.github.com/users/ahawryluk/orgs', 'repos_url': 'https://api.github.com/users/ahawryluk/repos', 'events_url': 'https://api.github.com/users/ahawryluk/events{/privacy}', 'received_events_url': 'https://api.github.com/users/ahawryluk/received_events', 'type': 'User', 'site_admin': False}"
5,"{'login': 'jbrockmendel', 'id': 8078968, 'node_id': 'MDQ6VXNlcjgwNzg5Njg=', 'avatar_url': 'https://avatars.githubusercontent.com/u/8078968?v=4', 'gravatar_id': '', 'url': 'https://api.github.com/users/jbrockmendel', 'html_url': 'https://github.com/jbrockmendel', 'followers_url': 'https://api.github.com/users/jbrockmendel/followers', 'following_url': 'https://api.github.com/users/jbrockmendel/following{/other_user}', 'gists_url': 'https://api.github.com/users/jbrockmendel/gists{/gist_id}', 'starred_url': 'https://api.github.com/users/jbrockmendel/starred{/owner}{/repo}', 'subscriptions_url': 'https://api.github.com/users/jbrockmendel/subscriptions', 'organizations_url': 'https://api.github.com/users/jbrockmendel/orgs', 'repos_url': 'https://api.github.com/users/jbrockmendel/repos', 'events_url': 'https://api.github.com/users/jbrockmendel/events{/privacy}', 'received_events_url': 'https://api.github.com/users/jbrockmendel/received_events', 'type': 'User', 'site_admin': False}"
6,"{'login': 'tushushu', 'id': 33303747, 'node_id': 'MDQ6VXNlcjMzMzAzNzQ3', 'avatar_url': 'https://avatars.githubusercontent.com/u/33303747?v=4', 'gravatar_id': '', 'url': 'https://api.github.com/users/tushushu', 'html_url': 'https://github.com/tushushu', 'followers_url': 'https://api.github.com/users/tushushu/followers', 'following_url': 'https://api.github.com/users/tushushu/following{/other_user}', 'gists_url': 'https://api.github.com/users/tushushu/gists{/gist_id}', 'starred_url': 'https://api.github.com/users/tushushu/starred{/owner}{/repo}', 'subscriptions_url': 'https://api.github.com/users/tushushu/subscriptions', 'organizations_url': 'https://api.github.com/users/tushushu/orgs', 'repos_url': 'https://api.github.com/users/tushushu/repos', 'events_url': 'https://api.github.com/users/tushushu/events{/privacy}', 'received_events_url': 'https://api.github.com/users/tushushu/received_events', 'type': 'User', 'site_admin': False}"
7,"{'login': 'jonashaag', 'id': 175722, 'node_id': 'MDQ6VXNlcjE3NTcyMg==', 'avatar_url': 'https://avatars.githubusercontent.com/u/175722?v=4', 'gravatar_id': '', 'url': 'https://api.github.com/users/jonashaag', 'html_url': 'https://github.com/jonashaag', 'followers_url': 'https://api.github.com/users/jonashaag/followers', 'following_url': 'https://api.github.com/users/jonashaag/following{/other_user}', 'gists_url': 'https://api.github.com/users/jonashaag/gists{/gist_id}', 'starred_url': 'https://api.github.com/users/jonashaag/starred{/owner}{/repo}', 'subscriptions_url': 'https://api.github.com/users/jonashaag/subscriptions', 'organizations_url': 'https://api.github.com/users/jonashaag/orgs', 'repos_url': 'https://api.github.com/users/jonashaag/repos', 'events_url': 'https://api.github.com/users/jonashaag/events{/privacy}', 'received_events_url': 'https://api.github.com/users/jonashaag/received_events', 'type': 'User', 'site_admin': False}"
8,"{'login': 'jonashaag', 'id': 175722, 'node_id': 'MDQ6VXNlcjE3NTcyMg==', 'avatar_url': 'https://avatars.githubusercontent.com/u/175722?v=4', 'gravatar_id': '', 'url': 'https://api.github.com/users/jonashaag', 'html_url': 'https://github.com/jonashaag', 'followers_url': 'https://api.github.com/users/jonashaag/followers', 'following_url': 'https://api.github.com/users/jonashaag/following{/other_user}', 'gists_url': 'https://api.github.com/users/jonashaag/gists{/gist_id}', 'starred_url': 'https://api.github.com/users/jonashaag/starred{/owner}{/repo}', 'subscriptions_url': 'https://api.github.com/users/jonashaag/subscriptions', 'organizations_url': 'https://api.github.com/users/jonashaag/orgs', 'repos_url': 'https://api.github.com/users/jonashaag/repos', 'events_url': 'https://api.github.com/users/jonashaag/events{/privacy}', 'received_events_url': 'https://api.github.com/users/jonashaag/received_events', 'type': 'User', 'site_admin': False}"
9,"{'login': 'Meghana-12', 'id': 44519203, 'node_id': 'MDQ6VXNlcjQ0NTE5MjAz', 'avatar_url': 'https://avatars.githubusercontent.com/u/44519203?v=4', 'gravatar_id': '', 'url': 'https://api.github.com/users/Meghana-12', 'html_url': 'https://github.com/Meghana-12', 'followers_url': 'https://api.github.com/users/Meghana-12/followers', 'following_url': 'https://api.github.com/users/Meghana-12/following{/other_user}', 'gists_url': 'https://api.github.com/users/Meghana-12/gists{/gist_id}', 'starred_url': 'https://api.github.com/users/Meghana-12/starred{/owner}{/repo}', 'subscriptions_url': 'https://api.github.com/users/Meghana-12/subscriptions', 'organizations_url': 'https://api.github.com/users/Meghana-12/orgs', 'repos_url': 'https://api.github.com/users/Meghana-12/repos', 'events_url': 'https://api.github.com/users/Meghana-12/events{/privacy}', 'received_events_url': 'https://api.github.com/users/Meghana-12/received_events', 'type': 'User', 'site_admin': False}"
10,"{'login': 'jonashaag', 'id': 175722, 'node_id': 'MDQ6VXNlcjE3NTcyMg==', 'avatar_url': 'https://avatars.githubusercontent.com/u/175722?v=4', 'gravatar_id': '', 'url': 'https://api.github.com/users/jonashaag', 'html_url': 'https://github.com/jonashaag', 'followers_url': 'https://api.github.com/users/jonashaag/followers', 'following_url': 'https://api.github.com/users/jonashaag/following{/other_user}', 'gists_url': 'https://api.github.com/users/jonashaag/gists{/gist_id}', 'starred_url': 'https://api.github.com/users/jonashaag/starred{/owner}{/repo}', 'subscriptions_url': 'https://api.github.com/users/jonashaag/subscriptions', 'organizations_url': 'https://api.github.com/users/jonashaag/orgs', 'repos_url': 'https://api.github.com/users/jonashaag/repos', 'events_url': 'https://api.github.com/users/jonashaag/events{/privacy}', 'received_events_url': 'https://api.github.com/users/jonashaag/received_events', 'type': 'User', 'site_admin': False}"
11,"{'login': 'sappersapper', 'id': 56215813, 'node_id': 'MDQ6VXNlcjU2MjE1ODEz', 'avatar_url': 'https://avatars.githubusercontent.com/u/56215813?v=4', 'gravatar_id': '', 'url': 'https://api.github.com/users/sappersapper', 'html_url': 'https://github.com/sappersapper', 'followers_url': 'https://api.github.com/users/sappersapper/followers', 'following_url': 'https://api.github.com/users/sappersapper/following{/other_user}', 'gists_url': 'https://api.github.com/users/sappersapper/gists{/gist_id}', 'starred_url': 'https://api.github.com/users/sappersapper/starred{/owner}{/repo}', 'subscriptions_url': 'https://api.github.com/users/sappersapper/subscriptions', 'organizations_url': 'https://api.github.com/users/sappersapper/orgs', 'repos_url': 'https://api.github.com/users/sappersapper/repos', 'events_url': 'https://api.github.com/users/sappersapper/events{/privacy}', 'received_events_url': 'https://api.github.com/users/sappersapper/received_events', 'type': 'User', 'site_admin': False}"
12,"{'login': 'wf-r', 'id': 1708866, 'node_id': 'MDQ6VXNlcjE3MDg4NjY=', 'avatar_url': 'https://avatars.githubusercontent.com/u/1708866?v=4', 'gravatar_id': '', 'url': 'https://api.github.com/users/wf-r', 'html_url': 'https://github.com/wf-r', 'followers_url': 'https://api.github.com/users/wf-r/followers', 'following_url': 'https://api.github.com/users/wf-r/following{/other_user}', 'gists_url': 'https://api.github.com/users/wf-r/gists{/gist_id}', 'starred_url': 'https://api.github.com/users/wf-r/starred{/owner}{/repo}', 'subscriptions_url': 'https://api.github.com/users/wf-r/subscriptions', 'organizations_url': 'https://api.github.com/users/wf-r/orgs', 'repos_url': 'https://api.github.com/users/wf-r/repos', 'events_url': 'https://api.github.com/users/wf-r/events{/privacy}', 'received_events_url': 'https://api.github.com/users/wf-r/received_events', 'type': 'User', 'site_admin': False}"
13,"{'login': 'jbrockmendel', 'id': 8078968, 'node_id': 'MDQ6VXNlcjgwNzg5Njg=', 'avatar_url': 'https://avatars.githubusercontent.com/u/8078968?v=4', 'gravatar_id': '', 'url': 'https://api.github.com/users/jbrockmendel', 'html_url': 'https://github.com/jbrockmendel', 'followers_url': 'https://api.github.com/users/jbrockmendel/followers', 'following_url': 'https://api.github.com/users/jbrockmendel/following{/other_user}', 'gists_url': 'https://api.github.com/users/jbrockmendel/gists{/gist_id}', 'starred_url': 'https://api.github.com/users/jbrockmendel/starred{/owner}{/repo}', 'subscriptions_url': 'https://api.github.com/users/jbrockmendel/subscriptions', 'organizations_url': 'https://api.github.com/users/jbrockmendel/orgs', 'repos_url': 'https://api.github.com/users/jbrockmendel/repos', 'events_url': 'https://api.github.com/users/jbrockmendel/events{/privacy}', 'received_events_url': 'https://api.github.com/users/jbrockmendel/received_events', 'type': 'User', 'site_admin': False}"
14,"{'login': 'jackgoldsmith4', 'id': 22875722, 'node_id': 'MDQ6VXNlcjIyODc1NzIy', 'avatar_url': 'https://avatars.githubusercontent.com/u/22875722?v=4', 'gravatar_id': '', 'url': 'https://api.github.com/users/jackgoldsmith4', 'html_url': 'https://github.com/jackgoldsmith4', 'followers_url': 'https://api.github.com/users/jackgoldsmith4/followers', 'following_url': 'https://api.github.com/users/jackgoldsmith4/following{/other_user}', 'gists_url': 'https://api.github.com/users/jackgoldsmith4/gists{/gist_id}', 'starred_url': 'https://api.github.com/users/jackgoldsmith4/starred{/owner}{/repo}', 'subscriptions_url': 'https://api.github.com/users/jackgoldsmith4/subscriptions', 'organizations_url': 'https://api.github.com/users/jackgoldsmith4/orgs', 'repos_url': 'https://api.github.com/users/jackgoldsmith4/repos', 'events_url': 'https://api.github.com/users/jackgoldsmith4/events{/privacy}', 'received_events_url': 'https://api.github.com/users/jackgoldsmith4/received_events', 'type': 'User', 'site_admin': False}"
15,"{'login': 'patrickmckenna', 'id': 3589536, 'node_id': 'MDQ6VXNlcjM1ODk1MzY=', 'avatar_url': 'https://avatars.githubusercontent.com/u/3589536?v=4', 'gravatar_id': '', 'url': 'https://api.github.com/users/patrickmckenna', 'html_url': 'https://github.com/patrickmckenna', 'followers_url': 'https://api.github.com/users/patrickmckenna/followers', 'following_url': 'https://api.github.com/users/patrickmckenna/following{/other_user}', 'gists_url': 'https://api.github.com/users/patrickmckenna/gists{/gist_id}', 'starred_url': 'https://api.github.com/users/patrickmckenna/starred{/owner}{/repo}', 'subscriptions_url': 'https://api.github.com/users/patrickmckenna/subscriptions', 'organizations_url': 'https://api.github.com/users/patrickmckenna/orgs', 'repos_url': 'https://api.github.com/users/patrickmckenna/repos', 'events_url': 'https://api.github.com/users/patrickmckenna/events{/privacy}', 'received_events_url': 'https://api.github.com/users/patrickmckenna/received_events', 'type': 'User', 'site_admin': False}"
16,"{'login': 'rhshadrach', 'id': 45562402, 'node_id': 'MDQ6VXNlcjQ1NTYyNDAy', 'avatar_url': 'https://avatars.githubusercontent.com/u/45562402?v=4', 'gravatar_id': '', 'url': 'https://api.github.com/users/rhshadrach', 'html_url': 'https://github.com/rhshadrach', 'followers_url': 'https://api.github.com/users/rhshadrach/followers', 'following_url': 'https://api.github.com/users/rhshadrach/following{/other_user}', 'gists_url': 'https://api.github.com/users/rhshadrach/gists{/gist_id}', 'starred_url': 'https://api.github.com/users/rhshadrach/starred{/owner}{/repo}', 'subscriptions_url': 'https://api.github.com/users/rhshadrach/subscriptions', 'organizations_url': 'https://api.github.com/users/rhshadrach/orgs', 'repos_url': 'https://api.github.com/users/rhshadrach/repos', 'events_url': 'https://api.github.com/users/rhshadrach/events{/privacy}', 'received_events_url': 'https://api.github.com/users/rhshadrach/received_events', 'type': 'User', 'site_admin': False}"
17,"{'login': 'vyasr', 'id': 1538165, 'node_id': 'MDQ6VXNlcjE1MzgxNjU=', 'avatar_url': 'https://avatars.githubusercontent.com/u/1538165?v=4', 'gravatar_id': '', 'url': 'https://api.github.com/users/vyasr', 'html_url': 'https://github.com/vyasr', 'followers_url': 'https://api.github.com/users/vyasr/followers', 'following_url': 'https://api.github.com/users/vyasr/following{/other_user}', 'gists_url': 'https://api.github.com/users/vyasr/gists{/gist_id}', 'starred_url': 'https://api.github.com/users/vyasr/starred{/owner}{/repo}', 'subscriptions_url': 'https://api.github.com/users/vyasr/subscriptions', 'organizations_url': 'https://api.github.com/users/vyasr/orgs', 'repos_url': 'https://api.github.com/users/vyasr/repos', 'events_url': 'https://api.github.com/users/vyasr/events{/privacy}', 'received_events_url': 'https://api.github.com/users/vyasr/received_events', 'type': 'User', 'site_admin': False}"
18,"{'login': 'bluss', 'id': 3209739, 'node_id': 'MDQ6VXNlcjMyMDk3Mzk=', 'avatar_url': 'https://avatars.githubusercontent.com/u/3209739?v=4', 'gravatar_id': '', 'url': 'https://api.github.com/users/bluss', 'html_url': 'https://github.com/bluss', 'followers_url': 'https://api.github.com/users/bluss/followers', 'following_url': 'https://api.github.com/users/bluss/following{/other_user}', 'gists_url': 'https://api.github.com/users/bluss/gists{/gist_id}', 'starred_url': 'https://api.github.com/users/bluss/starred{/owner}{/repo}', 'subscriptions_url': 'https://api.github.com/users/bluss/subscriptions', 'organizations_url': 'https://api.github.com/users/bluss/orgs', 'repos_url': 'https://api.github.com/users/bluss/repos', 'events_url': 'https://api.github.com/users/bluss/events{/privacy}', 'received_events_url': 'https://api.github.com/users/bluss/received_events', 'type': 'User', 'site_admin': False}"
19,"{'login': 'alexlenail', 'id': 2761597, 'node_id': 'MDQ6VXNlcjI3NjE1OTc=', 'avatar_url': 'https://avatars.githubusercontent.com/u/2761597?v=4', 'gravatar_id': '', 'url': 'https://api.github.com/users/alexlenail', 'html_url': 'https://github.com/alexlenail', 'followers_url': 'https://api.github.com/users/alexlenail/followers', 'following_url': 'https://api.github.com/users/alexlenail/following{/other_user}', 'gists_url': 'https://api.github.com/users/alexlenail/gists{/gist_id}', 'starred_url': 'https://api.github.com/users/alexlenail/starred{/owner}{/repo}', 'subscriptions_url': 'https://api.github.com/users/alexlenail/subscriptions', 'organizations_url': 'https://api.github.com/users/alexlenail/orgs', 'repos_url': 'https://api.github.com/users/alexlenail/repos', 'events_url': 'https://api.github.com/users/alexlenail/events{/privacy}', 'received_events_url': 'https://api.github.com/users/alexlenail/received_events', 'type': 'User', 'site_admin': False}"
20,"{'login': 'rainnnnny', 'id': 15228876, 'node_id': 'MDQ6VXNlcjE1MjI4ODc2', 'avatar_url': 'https://avatars.githubusercontent.com/u/15228876?v=4', 'gravatar_id': '', 'url': 'https://api.github.com/users/rainnnnny', 'html_url': 'https://github.com/rainnnnny', 'followers_url': 'https://api.github.com/users/rainnnnny/followers', 'following_url': 'https://api.github.com/users/rainnnnny/following{/other_user}', 'gists_url': 'https://api.github.com/users/rainnnnny/gists{/gist_id}', 'starred_url': 'https://api.github.com/users/rainnnnny/starred{/owner}{/repo}', 'subscriptions_url': 'https://api.github.com/users/rainnnnny/subscriptions', 'organizations_url': 'https://api.github.com/users/rainnnnny/orgs', 'repos_url': 'https://api.github.com/users/rainnnnny/repos', 'events_url': 'https://api.github.com/users/rainnnnny/events{/privacy}', 'received_events_url': 'https://api.github.com/users/rainnnnny/received_events', 'type': 'User', 'site_admin': False}"
21,"{'login': 'mvashishtha', 'id': 10712109, 'node_id': 'MDQ6VXNlcjEwNzEyMTA5', 'avatar_url': 'https://avatars.githubusercontent.com/u/10712109?v=4', 'gravatar_id': '', 'url': 'https://api.github.com/users/mvashishtha', 'html_url': 'https://github.com/mvashishtha', 'followers_url': 'https://api.github.com/users/mvashishtha/followers', 'following_url': 'https://api.github.com/users/mvashishtha/following{/other_user}', 'gists_url': 'https://api.github.com/users/mvashishtha/gists{/gist_id}', 'starred_url': 'https://api.github.com/users/mvashishtha/starred{/owner}{/repo}', 'subscriptions_url': 'https://api.github.com/users/mvashishtha/subscriptions', 'organizations_url': 'https://api.github.com/users/mvashishtha/orgs', 'repos_url': 'https://api.github.com/users/mvashishtha/repos', 'events_url': 'https://api.github.com/users/mvashishtha/events{/privacy}', 'received_events_url': 'https://api.github.com/users/mvashishtha/received_events', 'type': 'User', 'site_admin': False}"
22,"{'login': 'jonashaag', 'id': 175722, 'node_id': 'MDQ6VXNlcjE3NTcyMg==', 'avatar_url': 'https://avatars.githubusercontent.com/u/175722?v=4', 'gravatar_id': '', 'url': 'https://api.github.com/users/jonashaag', 'html_url': 'https://github.com/jonashaag', 'followers_url': 'https://api.github.com/users/jonashaag/followers', 'following_url': 'https://api.github.com/users/jonashaag/following{/other_user}', 'gists_url': 'https://api.github.com/users/jonashaag/gists{/gist_id}', 'starred_url': 'https://api.github.com/users/jonashaag/starred{/owner}{/repo}', 'subscriptions_url': 'https://api.github.com/users/jonashaag/subscriptions', 'organizations_url': 'https://api.github.com/users/jonashaag/orgs', 'repos_url': 'https://api.github.com/users/jonashaag/repos', 'events_url': 'https://api.github.com/users/jonashaag/events{/privacy}', 'received_events_url': 'https://api.github.com/users/jonashaag/received_events', 'type': 'User', 'site_admin': False}"
23,"{'login': 'changxin-ge', 'id': 99058007, 'node_id': 'U_kgDOBeeBVw', 'avatar_url': 'https://avatars.githubusercontent.com/u/99058007?v=4', 'gravatar_id': '', 'url': 'https://api.github.com/users/changxin-ge', 'html_url': 'https://github.com/changxin-ge', 'followers_url': 'https://api.github.com/users/changxin-ge/followers', 'following_url': 'https://api.github.com/users/changxin-ge/following{/other_user}', 'gists_url': 'https://api.github.com/users/changxin-ge/gists{/gist_id}', 'starred_url': 'https://api.github.com/users/changxin-ge/starred{/owner}{/repo}', 'subscriptions_url': 'https://api.github.com/users/changxin-ge/subscriptions', 'organizations_url': 'https://api.github.com/users/changxin-ge/orgs', 'repos_url': 'https://api.github.com/users/changxin-ge/repos', 'events_url': 'https://api.github.com/users/changxin-ge/events{/privacy}', 'received_events_url': 'https://api.github.com/users/changxin-ge/received_events', 'type': 'User', 'site_admin': False}"
24,"{'login': 'roberthdevries', 'id': 10944368, 'node_id': 'MDQ6VXNlcjEwOTQ0MzY4', 'avatar_url': 'https://avatars.githubusercontent.com/u/10944368?v=4', 'gravatar_id': '', 'url': 'https://api.github.com/users/roberthdevries', 'html_url': 'https://github.com/roberthdevries', 'followers_url': 'https://api.github.com/users/roberthdevries/followers', 'following_url': 'https://api.github.com/users/roberthdevries/following{/other_user}', 'gists_url': 'https://api.github.com/users/roberthdevries/gists{/gist_id}', 'starred_url': 'https://api.github.com/users/roberthdevries/starred{/owner}{/repo}', 'subscriptions_url': 'https://api.github.com/users/roberthdevries/subscriptions', 'organizations_url': 'https://api.github.com/users/roberthdevries/orgs', 'repos_url': 'https://api.github.com/users/roberthdevries/repos', 'events_url': 'https://api.github.com/users/roberthdevries/events{/privacy}', 'received_events_url': 'https://api.github.com/users/roberthdevries/received_events', 'type': 'User', 'site_admin': False}"
25,"{'login': 'Fanghaozhi-Liang', 'id': 70834984, 'node_id': 'MDQ6VXNlcjcwODM0OTg0', 'avatar_url': 'https://avatars.githubusercontent.com/u/70834984?v=4', 'gravatar_id': '', 'url': 'https://api.github.com/users/Fanghaozhi-Liang', 'html_url': 'https://github.com/Fanghaozhi-Liang', 'followers_url': 'https://api.github.com/users/Fanghaozhi-Liang/followers', 'following_url': 'https://api.github.com/users/Fanghaozhi-Liang/following{/other_user}', 'gists_url': 'https://api.github.com/users/Fanghaozhi-Liang/gists{/gist_id}', 'starred_url': 'https://api.github.com/users/Fanghaozhi-Liang/starred{/owner}{/repo}', 'subscriptions_url': 'https://api.github.com/users/Fanghaozhi-Liang/subscriptions', 'organizations_url': 'https://api.github.com/users/Fanghaozhi-Liang/orgs', 'repos_url': 'https://api.github.com/users/Fanghaozhi-Liang/repos', 'events_url': 'https://api.github.com/users/Fanghaozhi-Liang/events{/privacy}', 'received_events_url': 'https://api.github.com/users/Fanghaozhi-Liang/received_events', 'type': 'User', 'site_admin': False}"
26,"{'login': 'mroeschke', 'id': 10647082, 'node_id': 'MDQ6VXNlcjEwNjQ3MDgy', 'avatar_url': 'https://avatars.githubusercontent.com/u/10647082?v=4', 'gravatar_id': '', 'url': 'https://api.github.com/users/mroeschke', 'html_url': 'https://github.com/mroeschke', 'followers_url': 'https://api.github.com/users/mroeschke/followers', 'following_url': 'https://api.github.com/users/mroeschke/following{/other_user}', 'gists_url': 'https://api.github.com/users/mroeschke/gists{/gist_id}', 'starred_url': 'https://api.github.com/users/mroeschke/starred{/owner}{/repo}', 'subscriptions_url': 'https://api.github.com/users/mroeschke/subscriptions', 'organizations_url': 'https://api.github.com/users/mroeschke/orgs', 'repos_url': 'https://api.github.com/users/mroeschke/repos', 'events_url': 'https://api.github.com/users/mroeschke/events{/privacy}', 'received_events_url': 'https://api.github.com/users/mroeschke/received_events', 'type': 'User', 'site_admin': False}"
27,"{'login': 'sondalex', 'id': 61547150, 'node_id': 'MDQ6VXNlcjYxNTQ3MTUw', 'avatar_url': 'https://avatars.githubusercontent.com/u/61547150?v=4', 'gravatar_id': '', 'url': 'https://api.github.com/users/sondalex', 'html_url': 'https://github.com/sondalex', 'followers_url': 'https://api.github.com/users/sondalex/followers', 'following_url': 'https://api.github.com/users/sondalex/following{/other_user}', 'gists_url': 'https://api.github.com/users/sondalex/gists{/gist_id}', 'starred_url': 'https://api.github.com/users/sondalex/starred{/owner}{/repo}', 'subscriptions_url': 'https://api.github.com/users/sondalex/subscriptions', 'organizations_url': 'https://api.github.com/users/sondalex/orgs', 'repos_url': 'https://api.github.com/users/sondalex/repos', 'events_url': 'https://api.github.com/users/sondalex/events{/privacy}', 'received_events_url': 'https://api.github.com/users/sondalex/received_events', 'type': 'User', 'site_admin': False}"
28,"{'login': 'weikhor', 'id': 36619387, 'node_id': 'MDQ6VXNlcjM2NjE5Mzg3', 'avatar_url': 'https://avatars.githubusercontent.com/u/36619387?v=4', 'gravatar_id': '', 'url': 'https://api.github.com/users/weikhor', 'html_url': 'https://github.com/weikhor', 'followers_url': 'https://api.github.com/users/weikhor/followers', 'following_url': 'https://api.github.com/users/weikhor/following{/other_user}', 'gists_url': 'https://api.github.com/users/weikhor/gists{/gist_id}', 'starred_url': 'https://api.github.com/users/weikhor/starred{/owner}{/repo}', 'subscriptions_url': 'https://api.github.com/users/weikhor/subscriptions', 'organizations_url': 'https://api.github.com/users/weikhor/orgs', 'repos_url': 'https://api.github.com/users/weikhor/repos', 'events_url': 'https://api.github.com/users/weikhor/events{/privacy}', 'received_events_url': 'https://api.github.com/users/weikhor/received_events', 'type': 'User', 'site_admin': False}"
29,"{'login': 'dataxerik', 'id': 15721311, 'node_id': 'MDQ6VXNlcjE1NzIxMzEx', 'avatar_url': 'https://avatars.githubusercontent.com/u/15721311?v=4', 'gravatar_id': '', 'url': 'https://api.github.com/users/dataxerik', 'html_url': 'https://github.com/dataxerik', 'followers_url': 'https://api.github.com/users/dataxerik/followers', 'following_url': 'https://api.github.com/users/dataxerik/following{/other_user}', 'gists_url': 'https://api.github.com/users/dataxerik/gists{/gist_id}', 'starred_url': 'https://api.github.com/users/dataxerik/starred{/owner}{/repo}', 'subscriptions_url': 'https://api.github.com/users/dataxerik/subscriptions', 'organizations_url': 'https://api.github.com/users/dataxerik/orgs', 'repos_url': 'https://api.github.com/users/dataxerik/repos', 'events_url': 'https://api.github.com/users/dataxerik/events{/privacy}', 'received_events_url': 'https://api.github.com/users/dataxerik/received_events', 'type': 'User', 'site_admin': False}"
